Date,LEVEL_00_6D78F692_SPACE RV2024_RESILIENCE_PEOPLE,LEVEL_01_74433ACA_SPACE RV2024_RESILIENCE_PEOPLE,LEVEL_02.A_4E35AD0B_SPACE RV2024_RESILIENCE_PEOPLE,LEVEL_02.B_4C01AA2C_SPACE RV2024_RESILIENCE_PEOPLE,LEVEL_03_669BEE00_SPACE RV2024_RESILIENCE_PEOPLE
2016-01-19 00:00:00+00:00,22.831114753426988,22.404202428526528,22.403236401506447,22.403524341107296,22.401589477632594
2016-01-19 01:00:00+00:00,22.83450875716451,22.459998520791586,22.459598241471596,22.45974284888337,22.459164769417345
2016-01-19 02:00:00+00:00,22.83767931810252,22.462926513322028,22.462879322552144,22.462888073636318,22.463019520383018
2016-01-19 03:00:00+00:00,22.841140227276167,22.46970621460189,22.469542686711403,22.469587757185376,22.469464794884185
2016-01-19 04:00:00+00:00,22.844712487606568,22.47543778990831,22.47539928748135,22.4754080213967,22.475567834863103
2016-01-19 05:00:00+00:00,22.848641299027978,22.4834826573499,22.48327725559929,22.483334287839252,22.48311657886822
2016-01-19 06:00:00+00:00,22.852768755607297,22.491232869490034,22.491209368215905,22.49121455439091,22.491411269500418
2016-01-19 07:00:00+00:00,22.856925786949915,22.49077527445677,22.490945163844156,22.49088560350371,22.491495252526065
2016-01-19 08:00:00+00:00,22.86236674816928,22.522684906480773,22.522556073343193,22.52258681499774,22.522526541754615
2016-01-19 09:00:00+00:00,22.87010656113874,22.591096066428904,22.590906444422927,22.590963532143306,22.590794508946953
2016-01-19 10:00:00+00:00,22.8788030027392,22.660261442148222,22.66001292489065,22.660087979026443,22.65979374087726
2016-01-19 11:00:00+00:00,22.888491571774583,22.727021493322496,22.726849652343002,22.72690249518131,22.726784385721135
2016-01-19 12:00:00+00:00,22.89801189205761,22.76394100396156,22.763971595128037,22.76395791209573,22.764280052380926
2016-01-19 13:00:00+00:00,22.90666054040152,22.773470900856793,22.77365714651276,22.7735899912137,22.774244255207737
2016-01-19 14:00:00+00:00,22.913245609037634,22.76650553695059,22.766590566752868,22.766553896812947,22.766982348548126
2016-01-19 15:00:00+00:00,22.91865861611062,22.76874566511766,22.768801920471134,22.768776904482667,22.769150169259486
2016-01-19 16:00:00+00:00,22.92277721777087,22.702568976141908,22.703249978920976,22.70302593388188,22.70476218571011
2016-01-19 17:00:00+00:00,22.92587540690735,22.60574570895327,22.606293249392994,22.60610135727727,22.60751784035253
2016-01-19 18:00:00+00:00,22.928294193303742,22.55167432179044,22.552065012664496,22.551928571742085,22.55301350304141
2016-01-19 19:00:00+00:00,22.929558420849002,22.514376077203153,22.514598484771117,22.514517008140928,22.51522998472538
2016-01-19 20:00:00+00:00,22.929792478784517,22.47361467841137,22.47414431097857,22.47396983730025,22.4753684059891
2016-01-19 21:00:00+00:00,22.92915771211433,22.429896840388164,22.43028518478553,22.43014871063399,22.431212601465006
2016-01-19 22:00:00+00:00,22.92846579332134,22.39628044956106,22.396646993988895,22.396522179136937,22.3975487371649
2016-01-19 23:00:00+00:00,22.927214451268693,22.367581056697194,22.36781952388664,22.367733974796767,22.36846857901581
2016-01-20 00:00:00+00:00,22.42105372673079,18.039142684745574,18.54678727716284,18.527381073822344,18.93674861806561
2016-01-20 01:00:00+00:00,22.13117560999848,17.083529639546995,18.052990110449773,18.78001327323991,18.453413025658325
2016-01-20 02:00:00+00:00,21.988738095952453,17.727310352164675,18.498284772486993,18.640430240749758,18.27501567209502
2016-01-20 03:00:00+00:00,21.86102410801387,18.521405585618837,18.617760925523665,18.58407805489088,18.32039965480616
2016-01-20 04:00:00+00:00,21.7483214932125,18.4222081630662,17.795039933252422,18.307550264443037,18.09438952043961
2016-01-20 05:00:00+00:00,21.64909944311951,18.613536340512955,18.62347877191434,18.492353209306874,18.623954969102428
2016-01-20 06:00:00+00:00,21.574394227119587,18.565201472469017,18.57888404657396,18.445332194398024,18.575360142685813
2016-01-20 07:00:00+00:00,21.51654606169411,18.489067366985235,18.50353599932701,18.373585496028767,18.499419295005072
2016-01-20 08:00:00+00:00,21.472397840663174,18.46499900062574,18.475754021386482,18.350297031928406,18.468983362635026
2016-01-20 09:00:00+00:00,21.436570729550017,18.437469105496277,18.447982456613644,18.324778335980813,18.43893453378015
2016-01-20 10:00:00+00:00,21.406735493241438,18.422211902409305,18.431088966289654,18.31218177446283,18.421871040985348
2016-01-20 11:00:00+00:00,21.38371905542348,18.447376644784047,18.453387397971472,18.338223000980317,18.44237060309553
2016-01-20 12:00:00+00:00,21.361441697968456,18.42578741192598,18.434703052185665,18.320110502541024,18.42268152536829
2016-01-20 13:00:00+00:00,21.33994015117837,18.37371436737093,18.384673713930212,18.269865068136003,18.373834384047395
2016-01-20 14:00:00+00:00,21.318999908202883,18.327750551524463,18.33577910794203,18.219897374719476,18.32937285624601
2016-01-20 15:00:00+00:00,21.300576224879077,18.46808893349218,18.4581123145574,18.322665669196994,18.449556045194015
2016-01-20 16:00:00+00:00,21.28554533754664,18.362563117369774,18.371619257090817,18.240222265358046,18.359435064971507
2016-01-20 17:00:00+00:00,21.270655847104585,18.09075223395462,18.112259240293678,17.991567975420143,18.10769261214529
2016-01-20 18:00:00+00:00,21.24945698307005,17.887186233143428,17.9079980084104,17.782715444379196,17.906097637635266
2016-01-20 19:00:00+00:00,21.22485691489947,17.708187978610244,17.727432815667616,17.597657560474193,17.72594531724739
2016-01-20 20:00:00+00:00,21.198119139348876,17.53754393941274,17.555495981820595,17.422109848129274,17.55416124229514
2016-01-20 21:00:00+00:00,21.170439453963365,17.371840352925926,17.388818242958667,17.25242726320783,17.387507079777674
2016-01-20 22:00:00+00:00,21.14148396953378,17.20686617718948,17.223037136127864,17.083919871174466,17.221705929933638
2016-01-20 23:00:00+00:00,21.111733040045536,17.043596434829148,17.05867301882908,16.917247208359317,17.057291556273288
2016-01-21 00:00:00+00:00,21.080759456088852,16.881354241595943,16.8951773680645,16.751875014551786,16.893782571067913
2016-01-21 01:00:00+00:00,21.049477957508476,16.719598670453006,16.732290186066304,16.5872370004605,16.73085345539544
2016-01-21 02:00:00+00:00,21.018347580458357,16.558374193349426,16.569871270063402,16.423317155701525,16.568520264915616
2016-01-21 03:00:00+00:00,20.98721876256278,16.399369026991092,16.409350257222034,16.261603929659607,16.40807314379246
2016-01-21 04:00:00+00:00,20.955206505997904,16.240245985215882,16.248755555897386,16.099636629003232,16.24728787999427
2016-01-21 05:00:00+00:00,20.92329953684199,16.081693354070513,16.088614346693294,15.938569826459265,16.0872943674045
2016-01-21 06:00:00+00:00,20.89197998508679,15.924505099058218,15.929978508796019,15.778505112215456,15.928265968695692
2016-01-21 07:00:00+00:00,20.86164764996418,15.787634699144109,15.790788497074521,15.63861391224942,15.78726493883057
2016-01-21 08:00:00+00:00,20.833558952798157,15.737852898752346,15.734042251217431,15.582751229665377,15.725123399021172
2016-01-21 09:00:00+00:00,20.808033599470566,15.832091274208826,15.817415747181158,15.670838445799403,15.800631648156296
2016-01-21 10:00:00+00:00,20.791334203435298,16.04027317726722,16.006234631280655,15.869364524264888,15.983180718300703
2016-01-21 11:00:00+00:00,20.78672253923372,16.187651749257387,16.142505501554805,16.013197501553822,16.120008251131548
2016-01-21 12:00:00+00:00,20.788285486090633,16.32722216282074,16.276260045523596,16.150316920372912,16.25323768905423
2016-01-21 13:00:00+00:00,20.79253855139401,16.49457039823052,16.444840147980088,16.303556275244407,16.419436303630473
2016-01-21 14:00:00+00:00,20.79916646315609,16.647449720640978,16.601974324137384,16.438183535216478,16.57704438838634
2016-01-21 15:00:00+00:00,20.809142800107853,16.730025369608065,16.690075425402863,16.512854211412712,16.665673134179947
2016-01-21 16:00:00+00:00,20.81959738928617,16.57496320683952,16.560718215433038,16.398158383855833,16.540147139892394
2016-01-21 17:00:00+00:00,20.823219978381488,16.25838870808425,16.2592854277277,16.115462202330978,16.25019807996513
2016-01-21 18:00:00+00:00,20.814409785303905,16.049398150291314,16.047645867085855,15.90142457785551,16.042321799994635
2016-01-21 19:00:00+00:00,20.798379241279648,15.873680463106394,15.868903262324785,15.71991414145534,15.864346037164616
2016-01-21 20:00:00+00:00,20.778553396895223,15.713670229697845,15.706146978054468,15.555409332039252,15.701636964286095
2016-01-21 21:00:00+00:00,20.75617341630643,15.560224708028985,15.550690382137866,15.398234219617988,15.545474850938588
2016-01-21 22:00:00+00:00,20.732466320427836,15.412684734398484,15.400813123225523,15.24829496527652,15.395808545653944
2016-01-21 23:00:00+00:00,20.70868641913727,15.277023603595168,15.262382393633096,15.110534986335916,15.257334901962144
2016-01-22 00:00:00+00:00,20.68476710719392,15.148539560560627,15.131102671635778,14.980572896008226,15.126146702706263
2016-01-22 01:00:00+00:00,20.661132856834723,15.027687262103006,15.007335967303549,14.858439640122816,15.002343921683346
2016-01-22 02:00:00+00:00,20.63789112900314,14.91311806730951,14.889795993188864,14.742558472121695,14.884523540534977
2016-01-22 03:00:00+00:00,20.615149615361876,14.80383404369112,14.777599197741324,14.632155623622905,14.772016527077534
2016-01-22 04:00:00+00:00,20.593027035804756,14.69964316430763,14.670569683129912,14.527148452020763,14.664797043151955
2016-01-22 05:00:00+00:00,20.57167953065296,14.601205539710664,14.569269342865113,14.428053321157796,14.563309896052564
2016-01-22 06:00:00+00:00,20.55033955495015,14.499954478373672,14.466360605098423,14.325430137703977,14.45900483966642
2016-01-22 07:00:00+00:00,20.53046919503267,14.427735759008995,14.392171281644563,14.254486294421675,14.382575313814305
2016-01-22 08:00:00+00:00,20.51747689742749,14.512311712091567,14.464411173826832,14.330527816393682,14.44738194994946
2016-01-22 09:00:00+00:00,20.510723285898482,14.599788286005216,14.547115776443627,14.419750053484464,14.527874752624037
2016-01-22 10:00:00+00:00,20.510258150103912,14.740247552483742,14.679760051713837,14.565620601596612,14.6609008559779
2016-01-22 11:00:00+00:00,20.516614162633605,14.881642794401683,14.81791103041273,14.71693583871088,14.800258706850476
2016-01-22 12:00:00+00:00,20.523392902288247,15.010460191363363,14.943973797068468,14.851275633186319,14.92474209305031
2016-01-22 13:00:00+00:00,20.529733284469092,15.181861883642194,15.10863196151203,15.01472940347739,15.087088660521188
2016-01-22 14:00:00+00:00,20.53578451698931,15.415813338333491,15.332200312360698,15.22093517974286,15.307930743827006
2016-01-22 15:00:00+00:00,20.547912323612923,15.538678199223746,15.462352274691321,15.341909871929436,15.436263452688161
2016-01-22 16:00:00+00:00,20.56278412752844,15.42761130271762,15.3751014142195,15.269584738472098,15.351261973918026
2016-01-22 17:00:00+00:00,20.57176743853134,15.231189077550141,15.187675386873073,15.093219870921978,15.169897332285268
2016-01-22 18:00:00+00:00,20.574831946964295,15.11153054966111,15.064630049995285,14.967810287646302,15.048802630549517
2016-01-22 19:00:00+00:00,20.574227561949623,15.022030012773712,14.972131112830114,14.872373478266402,14.956177186089683
2016-01-22 20:00:00+00:00,20.569840725724916,14.939867659940894,14.888321503246312,14.785275569112393,14.871361645042192
2016-01-22 21:00:00+00:00,20.562993711238363,14.861034388413271,14.807943067755625,14.702876363660499,14.790736667169503
2016-01-22 22:00:00+00:00,20.55587365367954,14.789676691077188,14.735392390470778,14.628638447236668,14.717436401762493
2016-01-22 23:00:00+00:00,20.548123635785206,14.719497504584362,14.66417726226475,14.555796708388906,14.645426575154914
2016-01-23 00:00:00+00:00,20.53984330370316,14.65216320923198,14.59569921055418,14.48655929661129,14.576560095795665
2016-01-23 01:00:00+00:00,20.53119941428236,14.58701249494762,14.529679330962045,14.420032008493193,14.510144883119594
2016-01-23 02:00:00+00:00,20.522156603616143,14.5227454753067,14.464501211887145,14.354479244290204,14.444626337282244
2016-01-23 03:00:00+00:00,20.51306679856407,14.461171790426604,14.401871712592277,14.291693772293023,14.38162065091835
2016-01-23 04:00:00+00:00,20.503955342074622,14.401948486379874,14.34157341818095,14.231392761674508,14.32094654427228
2016-01-23 05:00:00+00:00,20.494808553042564,14.344507394013924,14.28310999526635,14.173179360046424,14.262266035346535
2016-01-23 06:00:00+00:00,20.486079144339005,14.29174815028783,14.228968806399727,14.119339680710281,14.20758295585753
2016-01-23 07:00:00+00:00,20.477794408048997,14.275711250093408,14.212388424123569,14.104864962298656,14.187866412131084
2016-01-23 08:00:00+00:00,20.472969719127345,14.364506224306787,14.291949970719152,14.186478503413348,14.26332924511816
2016-01-23 09:00:00+00:00,20.475678000611325,14.56296726391249,14.481186370802197,14.383914982986937,14.446814500882448
2016-01-23 10:00:00+00:00,20.48297442190531,14.740152435732556,14.655935736474285,14.563717427499482,14.618393125288597
2016-01-23 11:00:00+00:00,20.494674410494778,14.826578978057341,14.748975548086833,14.66003127577129,14.7139756748929
2016-01-23 12:00:00+00:00,20.507658093682043,14.909639081917648,14.832996654592508,14.750166782660095,14.8009914906411
2016-01-23 13:00:00+00:00,20.51735077465256,15.142332088582572,15.04817204839326,14.960190189589431,15.012633219987988
2016-01-23 14:00:00+00:00,20.52791405164751,15.199770102213199,15.125369144393053,15.025869610925328,15.088434649383286
2016-01-23 15:00:00+00:00,20.541057825315942,15.17294332464328,15.106739913987516,15.009539263667422,15.074479204956127
2016-01-23 16:00:00+00:00,20.54892615764928,15.108723767421196,15.048346327787563,14.947544393774395,15.018339033354698
2016-01-23 17:00:00+00:00,20.55179985489599,14.946758119929166,14.89411589223681,14.796817537114753,14.866839657153491
2016-01-23 18:00:00+00:00,20.551877659298043,14.833097411250455,14.777598326295438,14.677217373917054,14.752758367066543
2016-01-23 19:00:00+00:00,20.549530771014027,14.74537094173707,14.687897781303803,14.583819793371164,14.66291181571921
2016-01-23 20:00:00+00:00,20.544753588545326,14.665606320884594,14.60657293057853,14.500121673157265,14.581739535311918
2016-01-23 21:00:00+00:00,20.539875448385455,14.606409045004286,14.544497346552257,14.43762026387489,14.519410514188982
2016-01-23 22:00:00+00:00,20.533827622715595,14.55451115540478,14.491193133039715,14.382069722402276,14.46372593613806
2016-01-23 23:00:00+00:00,20.525347914075493,14.488673652599218,14.42546206386492,14.314700774452218,14.397549966165156
2016-01-24 00:00:00+00:00,20.516213182989024,14.422121906693619,14.358738917879949,14.2474121027374,14.331255851971017
2016-01-24 01:00:00+00:00,20.506639466083108,14.356175255237789,14.2926086871614,14.180777286317825,14.265459246091766
2016-01-24 02:00:00+00:00,20.49659024384945,14.289598136303917,14.225751682499137,14.113245894137924,14.198812033361355
2016-01-24 03:00:00+00:00,20.486281671276032,14.223190235279565,14.15896289819166,14.046138810837666,14.132439460964717
2016-01-24 04:00:00+00:00,20.47573605245947,14.15667067166808,14.09221190870847,13.979142944476537,14.066142342692052
2016-01-24 05:00:00+00:00,20.465003954934485,14.090352794192084,14.02552628914619,13.912497353221205,14.000100784863363
2016-01-24 06:00:00+00:00,20.455624812789207,14.038696720363646,13.971630314684868,13.860784327216065,13.947421311346801
2016-01-24 07:00:00+00:00,20.447703734033567,14.054767448943005,13.987617672301822,13.881674979200625,13.959429285673407
2016-01-24 08:00:00+00:00,20.444810429463278,14.250249504075446,14.169339559965058,14.06592171522824,14.130756898593637
2016-01-24 09:00:00+00:00,20.450234867025994,14.462071804594354,14.37498716011205,14.278714931836914,14.332423741744828
2016-01-24 10:00:00+00:00,20.462361152934957,14.70942225046146,14.61402374656551,14.530565913968973,14.570982777278635
2016-01-24 11:00:00+00:00,20.47911566517077,14.937168194919352,14.836225397140888,14.762648819490087,14.795503143464297
2016-01-24 12:00:00+00:00,20.50110642016465,15.139423336691499,15.040493591132957,14.970442875498351,15.000205377749685
2016-01-24 13:00:00+00:00,20.52497795527766,15.346594841752486,15.252924991747998,15.174602249357804,15.21335084090611
2016-01-24 14:00:00+00:00,20.547472958590806,15.49578103026394,15.413251910731995,15.320757239158603,15.372907718089357
2016-01-24 15:00:00+00:00,20.567122168097832,15.389123962524664,15.33134296821517,15.247287760094915,15.294988242350078
2016-01-24 16:00:00+00:00,20.581387272186067,15.253512099869264,15.198045395562142,15.117534534727062,15.168300164037744
2016-01-24 17:00:00+00:00,20.58756468827072,15.146703721902794,15.08909344150653,15.003840522886096,15.061335462471208
2016-01-24 18:00:00+00:00,20.59059125453619,15.071208935172644,15.010481583368446,14.921828588627733,14.983624866872349
2016-01-24 19:00:00+00:00,20.59200269471687,15.017675063327664,14.954400259494475,14.864873447344586,14.928367038034745
2016-01-24 20:00:00+00:00,20.591228251131692,14.968330604126095,14.90464266069096,14.81203342488729,14.877209839876771
2016-01-24 21:00:00+00:00,20.588061927542835,14.910108163187497,14.846301256193227,14.750752421597902,14.818254696608363
2016-01-24 22:00:00+00:00,20.584626896292036,14.859305123264505,14.79468284624704,14.698127745206756,14.766724375843765
2016-01-24 23:00:00+00:00,20.581772672972217,14.817593114049695,14.751966297561461,14.655074261255093,14.723979157128063
2016-01-25 00:00:00+00:00,20.578487918772417,14.781238995017,14.714606091826134,14.618004610753148,14.686682533431869
2016-01-25 01:00:00+00:00,20.574471914556252,14.747476944225562,14.680107674687369,14.583832520575823,14.652090192572487
2016-01-25 02:00:00+00:00,20.57097113197783,14.715954774830605,14.647932678113236,14.551927074861092,14.619761516463832
2016-01-25 03:00:00+00:00,20.56734243132389,14.687226239051304,14.61836314628138,14.523276772959184,14.590435571478901
2016-01-25 04:00:00+00:00,20.56418789267659,14.662760286118868,14.59309919198264,14.498920997681546,14.565228791366524
2016-01-25 05:00:00+00:00,20.560927797218277,14.640116384515864,14.569593568820059,14.476458053885954,14.5418486047106
2016-01-25 06:00:00+00:00,20.55645860614169,14.61654109713462,14.545434270493518,14.452882198395367,14.517450475125761
2016-01-25 07:00:00+00:00,20.553140417514463,14.605639912365872,14.532774854478449,14.441917708047008,14.504731746027522
2016-01-25 08:00:00+00:00,20.55252339825198,14.64143427234572,14.56522330314902,14.475880051120427,14.53473720034635
2016-01-25 09:00:00+00:00,20.554263027158452,14.767397896930058,14.685025174206887,14.600552983712385,14.650669781590592
2016-01-25 10:00:00+00:00,20.562943284085968,14.963478066594098,14.875226824995151,14.799116856203673,14.838239807037871
2016-01-25 11:00:00+00:00,20.57684548886166,15.206307125557212,15.109588253714444,15.046518805265626,15.072225325481943
2016-01-25 12:00:00+00:00,20.59549309953558,15.399241778204013,15.310727263579805,15.248038014603006,15.269567610098756
2016-01-25 13:00:00+00:00,20.613826421113632,15.419838086398693,15.356165954606082,15.284696903840404,15.316295877311076
2016-01-25 14:00:00+00:00,20.626581938473507,15.389333044175986,15.32913329655784,15.257344431933879,15.293960602141183
2016-01-25 15:00:00+00:00,20.63527533472279,15.42748800688364,15.359630184108669,15.279874193526881,15.32619751492887
2016-01-25 16:00:00+00:00,20.640158249752684,15.389962060940533,15.327538854274545,15.243229152140875,15.294194075494056
2016-01-25 17:00:00+00:00,20.6438160740574,15.26158666216393,15.204972965740813,15.122375349419409,15.174962000699892
2016-01-25 18:00:00+00:00,20.644386771426536,15.164906545610485,15.106473019911627,15.019534447727267,15.078374209074369
2016-01-25 19:00:00+00:00,20.64274652362598,15.088036032447667,15.027712544130454,14.936594766803395,14.999205442565755
2016-01-25 20:00:00+00:00,20.63923417927325,15.01579825435617,14.954910307313575,14.85896770898263,14.92492195490597
2016-01-25 21:00:00+00:00,20.634063355504725,14.937329329964852,14.87663308007748,14.776491084016959,14.846336501965936
2016-01-25 22:00:00+00:00,20.626823766742298,14.860142595908458,14.799259939404214,14.69679456039752,14.769721415567647
2016-01-25 23:00:00+00:00,20.618615702111125,14.789542689466673,14.728373915654588,14.624236157033145,14.699200051944368
2016-01-26 00:00:00+00:00,20.610175661189942,14.722137213718094,14.66086715435749,14.555671078556012,14.632219020039
2016-01-26 01:00:00+00:00,20.600274607668933,14.65461722881746,14.5934031227443,14.48720329047338,14.565146047657995
2016-01-26 02:00:00+00:00,20.59000304598437,14.588096565591854,14.52675991352019,14.41967542235512,14.49882386506628
2016-01-26 03:00:00+00:00,20.579985210452715,14.52460795976137,14.462922993775946,14.355375893318003,14.435404234531036
2016-01-26 04:00:00+00:00,20.568770973229828,14.460044733011566,14.398258727097627,14.290167060122862,14.371050917198398
2016-01-26 05:00:00+00:00,20.557496875647207,14.396498286369392,14.334297961786723,14.226201836008464,14.307726903591027
2016-01-26 06:00:00+00:00,20.546131994797754,14.336430019090665,14.273584313543116,14.165510919121472,14.247346763126473
2016-01-26 07:00:00+00:00,20.53641106494075,14.356309948392656,14.29416372069671,14.19381247591983,14.26464223358287
2016-01-26 08:00:00+00:00,20.531767638820998,14.662778980118574,14.58039101106739,14.48216866730948,14.52951611427685
2016-01-26 09:00:00+00:00,20.537652369297952,14.984455520447199,14.89371882588263,14.802991015551813,14.834159788570348
2016-01-26 10:00:00+00:00,20.555397001823987,15.219519049721796,15.126301483444118,15.045176347997801,15.072708288468307
2016-01-26 11:00:00+00:00,20.577293201511313,15.336106632885999,15.248676970508917,15.170920821410837,15.204677628992116
2016-01-26 12:00:00+00:00,20.598162332836186,15.430531369774636,15.349421357536784,15.271374365806329,15.308940440906392
2016-01-26 13:00:00+00:00,20.616900967962714,15.612833312784412,15.526090385508269,15.444769080807246,15.488377295675038
2016-01-26 14:00:00+00:00,20.633904135522545,15.825029222202453,15.736910634169696,15.6373947412798,15.698237777702312
2016-01-26 15:00:00+00:00,20.65032824897344,15.991227255477328,15.904671324812355,15.784875414636096,15.861797777559127
2016-01-26 16:00:00+00:00,20.6674565338584,15.905677187441945,15.846211507532354,15.73690266472461,15.805938409391297
2016-01-26 17:00:00+00:00,20.68144465795885,15.671143740911093,15.62725639707421,15.532706786146653,15.597963837165436
2016-01-26 18:00:00+00:00,20.6858757350106,15.528049041333011,15.482118602929674,15.38277171293526,15.45558436596801
2016-01-26 19:00:00+00:00,20.682536668790913,15.409245819848657,15.36154789936334,15.256891671403395,15.335049122448362
2016-01-26 20:00:00+00:00,20.674940803166283,15.299450433869007,15.251194993903242,15.141894775417464,15.22429066071684
2016-01-26 21:00:00+00:00,20.664660759364615,15.188898625720286,15.140805173846795,15.027632941201666,15.113839306166007
2016-01-26 22:00:00+00:00,20.65340691173802,15.08709597705621,15.038394447240885,14.923246790116101,15.012136111764674
2016-01-26 23:00:00+00:00,20.641674118360523,14.998422482145557,14.948576115325684,14.832105203122353,14.922389483890171
2016-01-27 00:00:00+00:00,21.26485103175555,19.394626387573613,19.396400186671247,19.395703120434987,19.401070178276374
2016-01-27 01:00:00+00:00,21.59631159400614,20.280842705732486,20.280898761761577,20.280880073807268,20.281204215084724
2016-01-27 02:00:00+00:00,21.769105716747486,20.68082467738722,20.680862289523745,20.680844451445783,20.6811234304229
2016-01-27 03:00:00+00:00,21.91410907944146,20.932194195929394,20.932188301582727,20.932181372473817,20.932355847192557
2016-01-27 04:00:00+00:00,22.040065976607668,21.11127880161594,21.111303300694935,21.111289927624213,21.111540734725693
2016-01-27 05:00:00+00:00,22.150728842099454,21.252204722209022,21.252148373064514,21.252155255918797,21.252212239759952
2016-01-27 06:00:00+00:00,22.24905977833699,21.368293636623637,21.368326322226107,21.368312126455475,21.368587482849208
2016-01-27 07:00:00+00:00,22.3367019105561,21.47400072107987,21.474024903811635,21.47401036958564,21.47425969474135
2016-01-27 08:00:00+00:00,22.418172954561225,21.61145912078783,21.61143988656904,21.611438575464224,21.611591606956065
2016-01-27 09:00:00+00:00,22.4952703790066,21.745409265148794,21.745420856962685,21.745411623732924,21.745642599013078
2016-01-27 10:00:00+00:00,22.567361241518714,21.836193688122165,21.83621142077844,21.836199427927358,21.83644767976233
2016-01-27 11:00:00+00:00,22.610772759068528,21.990039415170145,21.989971904006396,21.989985262214716,21.990043618453004
2016-01-27 12:00:00+00:00,22.635125041536586,22.035454345853765,22.035387726996877,22.03540264646246,22.035471226570532
2016-01-27 13:00:00+00:00,22.658259846208253,22.1509179324644,22.150885621677677,22.150889786253728,22.151041761807747
2016-01-27 14:00:00+00:00,22.684541645423376,22.24929489309407,22.249428532159403,22.24938223288453,22.24991055711915
2016-01-27 15:00:00+00:00,22.705559376519016,22.295957280835495,22.296102536226115,22.29604918839263,22.296596599434945
2016-01-27 16:00:00+00:00,22.722136619745573,22.242095558872574,22.242229798895185,22.242180795009364,22.242704123726053
2016-01-27 17:00:00+00:00,22.734323944170658,22.17442726504639,22.174510449791097,22.174477177687226,22.174880824217865
2016-01-27 18:00:00+00:00,22.74312683867258,22.151784801688745,22.15185308651492,22.151825469906168,22.15219405231781
2016-01-27 19:00:00+00:00,22.749734754732987,22.140654627496094,22.140729885933467,22.140700437040113,22.141081331930916
2016-01-27 20:00:00+00:00,22.754998878290223,22.139906850788545,22.139888305393185,22.13988651241586,22.140052477791087
2016-01-27 21:00:00+00:00,22.760345529418398,22.141634260792575,22.14172877837139,22.141695614469484,22.142124510913092
2016-01-27 22:00:00+00:00,22.76526711478313,22.13756451419862,22.137702531645687,22.137653329899255,22.138169789919377
2016-01-27 23:00:00+00:00,22.769421795948332,22.137573973931385,22.137636038923656,22.137609535133134,22.137953969132827
